time,latitude,longitude,depth,mag,magType,nst,gap,dmin,rms,net,id,updated,place,type,horizontalError,depthError,magError,magNst,status,locationSource,magSource
2025-01-23T22:27:40.160Z,17.984666666667,-66.826833333333,17.18,2.54,md,6,184,0.04132,0.08,pr,pr71471358,2025-01-23T22:49:05.030Z,"1 km SW of Indios, Puerto Rico",earthquake,0.63,0.55,0.27651162130878,4,reviewed,pr,pr
2025-01-23T19:59:27.975Z,-27.637,-13.3812,10,4.8,mb,57,66,9.446,0.4,us,us6000plwx,2025-01-23T20:59:50.040Z,"southern Mid-Atlantic Ridge",earthquake,10.87,1.864,0.067,70,reviewed,us,us
2025-01-23T19:23:37.096Z,24.6224,95.1177,126.088,5.1,mb,113,25,3.406,0.5,us,us6000plwf,2025-01-23T22:25:40.498Z,"106 km E of Wāngjing, India",earthquake,8.66,6.526,0.039,215,reviewed,us,us
2025-01-23T19:07:21.888Z,-20.7944,-178.5991,613.679,4.4,mb,60,93,4.705,0.71,us,us6000plwe,2025-01-23T21:39:53.040Z,"Fiji region",earthquake,14.45,8.428,0.069,61,reviewed,us,us
2025-01-23T18:51:50.339Z,10.6738,125.5695,50.508,4.5,mb,65,87,3.581,0.95,us,us6000plwd,2025-01-23T21:55:12.040Z,"34 km N of Loreto, Philippines",earthquake,9.7,5.22,0.065,69,reviewed,us,us
2025-01-23T18:51:01.080Z,40.26216506958,-124.47682952881,17.620000839233,2.48,md,9,283,0.106,0.03,nc,nc75121786,2025-01-23T19:12:15.165Z,"18 km WSW of Petrolia, CA",earthquake,1.74,0.800000012,0.13,6,automatic,nc,nc
2025-01-23T18:08:47.730Z,32.3291667,-115.3858333,14.74,4.37,ml,40,60,0.1131,0.34,ci,ci41034376,2025-01-23T22:19:04.249Z,"18 km W of Delta, B.C., MX",earthquake,0.45,0.93,0.139,183,reviewed,ci,ci
2025-01-23T16:43:05.340Z,19.185833333333,-155.386,30.24,2.75,ml,60,166,0.05253,0.11,hv,hv74599412,2025-01-23T20:26:40.970Z,"9 km E of Pāhala, Hawaii",earthquake,0.39,0.48,0.19589935582169,45,reviewed,hv,hv
2025-01-23T16:19:30.303Z,8.9774,40.1518,10,4.6,mb,32,111,3.67,1.16,us,us6000plte,2025-01-23T16:36:50.040Z,"1 km WSW of Āwash, Ethiopia",earthquake,10.92,1.868,0.105,27,reviewed,us,us
2025-01-23T15:15:58.740Z,19.492,-155.99233333333,6.85,2.65,ml,50,249,0.1623,0.26,hv,hv74599372,2025-01-23T22:52:46.183Z,"7 km W of Captain Cook, Hawaii",earthquake,0.78,0.41,0.21537080263493,35,reviewed,hv,hv
2025-01-23T15:14:33.866Z,62.7807,-149.5367,74.6,3.5,ml,,,,0.37,ak,ak02512adk2h,2025-01-23T15:49:49.040Z,"46 km NE of Chase, Alaska",earthquake,,0.6,,,automatic,ak,ak
2025-01-23T15:04:46.722Z,53.0449,159.8085,48.845,4.8,mb,53,130,30.223,0.88,us,us6000plt6,2025-01-23T15:24:28.040Z,"79 km E of Petropavlovsk-Kamchatsky, Russia",earthquake,13.03,7.227,0.049,127,reviewed,us,us
2025-01-23T14:31:10.290Z,35.5976667,-118.3425,3.24,2.46,ml,38,31,0.09755,0.15,ci,ci41034096,2025-01-23T19:59:13.098Z,"12 km E of Lake Isabella, CA",earthquake,0.13,0.58,0.209,77,reviewed,ci,ci
2025-01-23T14:25:49.270Z,36.668167114258,-121.32433319092,5.3000001907349,3.16,ml,69,28,0.04308,0.28,nc,nc75121716,2025-01-23T14:47:18.455Z,"14 km SSW of Tres Pinos, CA",earthquake,0.31,0.970000029,0.238,26,automatic,nc,nc
2025-01-23T14:05:21.890Z,40.191665649414,-122.10966491699,25.010000228882,2.74,md,27,57,0.0208,0.3,nc,nc75121701,2025-01-23T14:27:14.338Z,"11 km E of Red Bluff, CA",earthquake,0.74,1.00999999,0.12,26,automatic,nc,nc
2025-01-23T13:58:47.326Z,39.2222,-99.4989,10.182,2.6,mb_lg,24,181,0.448,0.54,us,us6000plt0,2025-01-23T14:15:50.040Z,"5 km WSW of Zurich, Kansas",earthquake,4.66,8.584,0.076,45,reviewed,us,us
2025-01-23T11:25:47.496Z,37.3239,134.5974,382.014,4.3,mb,57,55,2.781,0.95,us,us6000plsu,2025-01-23T12:56:15.040Z,"185 km NW of Mikuni, Japan",earthquake,8.42,8.573,0.047,130,reviewed,us,us
2025-01-23T11:14:03.975Z,-12.8369,168.919,621.413,5.6,mww,77,34,3.082,0.71,us,us6000plst,2025-01-23T17:42:42.040Z,"187 km NE of Sola, Vanuatu",earthquake,7.77,7.156,0.061,26,reviewed,us,us
2025-01-23T09:53:15.261Z,-7.2372,120.8541,493.914,4.5,mb,53,34,1.952,0.69,us,us6000plsl,2025-01-23T10:44:09.040Z,"157 km NNE of Ruteng, Indonesia",earthquake,11.34,6.85,0.121,20,reviewed,us,us
2025-01-23T09:50:54.525Z,11.9278,142.2578,51.245,4.9,mb,43,111,3.035,1.12,us,us6000plsn,2025-01-23T10:34:54.040Z,"south of the Mariana Islands",earthquake,12.67,6.752,0.05,127,reviewed,us,us
2025-01-23T09:12:53.120Z,17.955166666667,-66.745,15,2.76,md,28,165,0.07822,0.1,pr,pr71471308,2025-01-23T09:34:35.520Z,"5 km SW of Tallaboa, Puerto Rico",earthquake,0.28,0.42,0.25145004791594,19,reviewed,pr,pr
2025-01-23T08:53:51.890Z,40.239166259766,-124.06649780273,-1.0199999809265,2.51,md,17,198,0.417,0.47,nc,nc75121616,2025-01-23T09:37:14.382Z,"21 km SE of Petrolia, CA",earthquake,2.02,8.06999969,0.26,11,automatic,nc,nc
2025-01-23T08:53:48.120Z,40.244167327881,-124.13749694824,13.930000305176,2.83,md,11,78,0.0139,0.08,nc,nc75121611,2025-01-23T09:22:18.284Z,"15 km SE of Petrolia, CA",earthquake,0.53,0.959999979,0.06,10,automatic,nc,nc
2025-01-23T07:38:45.883Z,-32.0468,-71.2277,76.837,4.4,mb,33,145,0.215,0.54,us,us6000pls1,2025-01-23T08:20:09.154Z,"38 km SW of Salamanca, Chile",earthquake,5.2,8.68,0.143,14,reviewed,us,us
2025-01-23T06:30:39.399Z,72.1112,-161.0392,10,3.4,mb,30,207,4.127,0.81,us,us6000plry,2025-01-23T06:39:45.040Z,"168 km NNW of Wainwright, Alaska",earthquake,10.07,2.012,0.283,3,reviewed,us,us
2025-01-23T06:17:42.997Z,-19.0622,169.5089,259.936,4.7,mb,85,86,4.025,0.48,us,us6000plrx,2025-01-23T06:36:52.040Z,"58 km NNE of Isangel, Vanuatu",earthquake,5.57,8.421,0.063,75,reviewed,us,us
2025-01-23T05:42:13.120Z,28.1866,52.3153,10,4.7,mb,98,74,4.748,0.65,us,us6000plru,2025-01-23T05:57:53.040Z,"77 km SSW of Fīrūzābād, Iran",earthquake,8.07,1.87,0.062,80,reviewed,us,us
2025-01-23T05:27:56.540Z,35.1581667,-117.353,4.44,3.46,mw,52,29,0.153,0.16,ci,ci41033904,2025-01-23T18:32:32.983Z,"32 km ENE of Boron, CA",earthquake,0.14,0.89,,4,reviewed,ci,ci
2025-01-23T05:22:53.721Z,8.9934,39.9601,10,4.9,mb,69,90,3.798,0.54,us,us6000plrr,2025-01-23T05:37:53.040Z,"11 km NNE of Metahāra, Ethiopia",earthquake,8.76,1.789,0.076,55,reviewed,us,us
2025-01-23T03:45:47.891Z,36.9568,78.745,52.121,4.4,mb,34,249,4.757,0.69,us,us6000plrd,2025-01-23T04:27:38.040Z,"36 km S of Zangguy, China",earthquake,12.84,12.154,0.12,20,reviewed,us,us
2025-01-23T03:41:09.640Z,7.6743,122.0595,10,5.4,mww,82,32,3.542,1.01,us,us6000plrc,2025-01-23T20:25:58.040Z,"9 km WSW of Siocon, Philippines",earthquake,8.4,1.853,0.068,21,reviewed,us,us
2025-01-23T03:06:16.208Z,9.0246,40.1048,10,4.4,mb,25,143,3.672,0.89,us,us6000plra,2025-01-23T03:28:45.040Z,"8 km NW of Āwash, Ethiopia",earthquake,10.86,1.96,0.138,15,reviewed,us,us
2025-01-23T02:18:06.604Z,8.9228,39.8699,10,4.5,mb,32,141,3.911,1.1,us,us6000plr5,2025-01-23T02:40:31.040Z,"5 km WNW of Metahāra, Ethiopia",earthquake,12.36,1.945,0.121,20,reviewed,us,us
2025-01-23T01:57:02.070Z,17.996333333333,-66.847666666667,11.85,2.53,md,22,126,0.02786,0.19,pr,pr71471298,2025-01-23T02:10:09.560Z,"3 km W of Indios, Puerto Rico",earthquake,0.32,0.36,0.2496997332306,7,reviewed,pr,pr
2025-01-23T01:56:56.198Z,14.4748,-90.5114,187.367,4.8,mb,89,109,0.058,0.96,us,us6000plr3,2025-01-23T02:20:31.040Z,"2 km ESE of Villa Canales, Guatemala",earthquake,8.93,6.702,0.036,243,reviewed,us,us
2025-01-23T01:48:58.990Z,61.7848,-149.4705,26.4,2.5,ml,,,,0.74,ak,ak0251228tvv,2025-01-23T02:00:19.040Z,"13 km WNW of Fishhook, Alaska",earthquake,,0.4,,,automatic,ak,ak
2025-01-23T00:48:13.902Z,31.605,-103.955,8.3942,2.5,ml,22,58,0,0.1,tx,tx2025bogr,2025-01-23T15:19:30.484Z,"35 km WSW of Mentone, Texas",earthquake,0.28790377938373,0.42682073778891,0.2,35,reviewed,tx,tx
2025-01-23T00:19:16.660Z,-6.3477,146.4714,115.516,4.4,mb,24,77,3.113,0.65,us,us6000plqp,2025-01-23T00:31:39.040Z,"67 km E of Kainantu, Papua New Guinea",earthquake,9.55,11.09,0.134,16,reviewed,us,us
2025-01-22T23:39:46.079Z,10.131,125.1803,9,5.7,mww,139,37,3.067,0.87,us,us6000plql,2025-01-23T23:44:10.140Z,"7 km ESE of Liloan, Philippines",earthquake,8.86,1.76,0.047,43,reviewed,us,us
2025-01-22T23:09:04.977Z,36.9676,139.358,10,4.5,mb,49,121,1.018,0.81,us,us6000plqf,2025-01-22T23:35:30.040Z,"16 km NNE of Katashina, Japan",earthquake,6.81,1.87,0.081,45,reviewed,us,us
2025-01-22T22:47:25.746Z,-29.4463,-71.093,52.289,4.3,mb,26,128,0.487,0.59,us,us6000plqc,2025-01-23T13:31:47.598Z,"52 km NNE of La Serena, Chile",earthquake,3.71,3.572,0.238,5,reviewed,us,us
2025-01-22T21:40:40.050Z,35.3448333,-117.7963333,6.34,2.6,ml,48,37,0.0872,0.19,ci,ci41033480,2025-01-23T17:41:50.106Z,"15 km WSW of Johannesburg, CA",earthquake,0.19,0.59,0.266,121,reviewed,ci,ci
2025-01-22T20:37:06.835Z,36.5063,71.3253,106.283,4.3,mb,51,97,2.672,0.84,us,us6000plpp,2025-01-22T21:26:34.040Z,"27 km SW of Ashkāsham, Afghanistan",earthquake,7.98,7.175,0.099,29,reviewed,us,us
2025-01-22T20:36:38.000Z,17.972333333333,-66.834166666667,15.77,3.03,md,30,164,0.0325,0.22,pr,pr71471278,2025-01-22T21:02:30.040Z,"2 km SSW of Indios, Puerto Rico",earthquake,0.43,0.31,0.10794222984579,16,reviewed,pr,pr
2025-01-22T19:49:41.663Z,69.5724,-143.8694,14.147,2.7,ml,15,91,0.077,0.83,us,us6000plnu,2025-01-22T20:42:01.040Z,"63 km S of Kaktovik, Alaska",earthquake,5.42,8.086,0.064,32,reviewed,us,us
2025-01-22T19:06:33.163Z,11.8151,143.6963,10,4.7,mb,44,146,2.102,0.72,us,us6000plnt,2025-01-22T19:43:51.040Z,"192 km SSW of Merizo Village, Guam",earthquake,10.44,1.938,0.096,33,reviewed,us,us
2025-01-22T18:42:01.022Z,-22.652,-179.2125,542.679,4.6,mb,72,100,6.286,1.04,us,us6000plnj,2025-01-22T18:57:43.040Z,"south of the Fiji Islands",earthquake,11.65,8.94,0.066,72,reviewed,us,us
2025-01-22T18:26:08.381Z,-42.1949,88.3017,10,5.1,mb,73,50,24.636,0.94,us,us6000plnf,2025-01-22T18:49:42.040Z,"southeast Indian Ridge",earthquake,11.64,1.79,0.069,67,reviewed,us,us
2025-01-22T17:49:29.142Z,36.9576,139.3007,7.347,4.8,mww,116,68,0.97,0.68,us,us6000plms,2025-01-22T22:31:09.659Z,"13 km NNE of Katashina, Japan",earthquake,7.41,3.604,0.093,11,reviewed,us,us
2025-01-22T16:48:18.722Z,-19.1554,-175.4575,257.685,4.4,mb,25,104,5.229,1.09,us,us6000plmi,2025-01-22T23:54:12.040Z,"136 km WNW of Fangale’ounga, Tonga",earthquake,14.88,14.507,0.115,22,reviewed,us,us
2025-01-22T15:32:57.436Z,2.9925,127.8764,151.382,4.4,mb,28,145,2.264,0.54,us,us6000pll2,2025-01-23T01:28:20.040Z,"140 km N of Tobelo, Indonesia",earthquake,9.89,6.831,0.127,18,reviewed,us,us
2025-01-22T15:27:43.568Z,24.7277,93.1005,10,4.5,mb,47,87,3.884,0.81,us,us6000pll1,2025-01-22T16:19:42.823Z,"11 km SE of Lakhipur, India",earthquake,5.83,1.913,0.099,30,reviewed,us,us
2025-01-22T13:53:44.582Z,51.3141,-176.5631,25.9,3.8,ml,,,,0.65,ak,ak02510lvq3c,2025-01-22T14:17:43.825Z,"62 km S of Adak, Alaska",earthquake,,4.8,,,reviewed,ak,ak
2025-01-22T13:33:18.834Z,9.6959,126.2155,14.651,4.7,mb,77,69,2.684,0.73,us,us6000plkt,2025-01-22T21:49:00.028Z,"13 km ESE of Union, Philippines",earthquake,7.88,4.486,0.061,82,reviewed,us,us
2025-01-22T13:26:09.059Z,51.5924,-176.7303,60.766,4.9,mb,85,135,0.369,0.77,us,us6000plkr,2025-01-22T14:04:19.792Z,"32 km SSW of Adak, Alaska",earthquake,8.2,4.266,0.033,289,reviewed,us,us
2025-01-22T11:30:24.951Z,28.5844,87.6224,10,4.1,mb,24,115,2.211,1.13,us,us6000plkg,2025-01-22T11:51:50.040Z,"106 km NE of Lobuche, Nepal",earthquake,8.78,1.905,0.123,18,reviewed,us,us
2025-01-22T09:47:50.927Z,-20.7618,168.5595,10,5,mb,35,86,2.113,0.79,us,us6000plk7,2025-01-22T10:30:15.040Z,"112 km NE of Tadine, New Caledonia",earthquake,5.98,1.879,0.055,106,reviewed,us,us
2025-01-22T08:11:47.033Z,22.0402,121.4742,30.131,4.9,mb,51,74,0.855,1.05,us,us6000pljv,2025-01-22T08:46:14.040Z,"75 km E of Hengchun, Taiwan",earthquake,8.58,6.334,0.07,63,reviewed,us,us
2025-01-22T04:06:50.962Z,32.616,142.5284,10,4.4,mb,26,155,2.338,0.63,us,us6000pljb,2025-01-22T04:35:22.040Z,"Izu Islands, Japan region",earthquake,9.62,1.932,0.138,15,reviewed,us,us
2025-01-22T00:14:16.435Z,23.2434,120.6027,12.255,4.5,mb,37,93,0.062,0.59,us,us6000plis,2025-01-23T02:16:36.040Z,"19 km NE of Yujing, Taiwan",earthquake,1.78,3.025,0.131,17,reviewed,us,us
2025-01-22T00:13:44.650Z,18.745166666667,-64.983333333333,20.84,3.08,md,5,283,0.3915,0.17,pr,pr71471243,2025-01-22T00:22:01.260Z,"44 km N of Charlotte Amalie, U.S. Virgin Islands",earthquake,1.34,15.97,0.030012045325793,5,reviewed,pr,pr
2025-01-21T23:34:46.837Z,-17.7228,-178.7155,554.766,4.6,mb,46,75,2.21,0.82,us,us6000plip,2025-01-23T01:00:19.040Z,"211 km E of Levuka, Fiji",earthquake,13.71,8.396,0.094,35,reviewed,us,us
2025-01-21T22:37:18.515Z,35.5572,89.5137,40.386,4.6,mb,57,98,5.994,0.87,us,us6000plig,2025-01-23T00:42:35.040Z,"western Xizang",earthquake,11.74,7.785,0.075,53,reviewed,us,us
2025-01-21T21:52:57.230Z,18.7028,-63.7626,30,3.84,md,7,347,1.2442,0.3,pr,pr2025021001,2025-01-22T23:30:35.040Z,"90 km NW of Sandy Ground Village, Anguilla",earthquake,5.84,19.24,0.03,7,reviewed,pr,pr
2025-01-21T21:44:49.038Z,9.1395,40.0146,10,5.1,mww,56,91,3.662,0.63,us,us6000pli7,2025-01-22T23:05:53.950Z,"24 km NW of Āwash, Ethiopia",earthquake,10.23,1.904,0.093,11,reviewed,us,us
2025-01-21T20:49:43.491Z,27.5467,52.9918,10,4.2,mb,48,56,3.877,1.03,us,us6000plhv,2025-01-21T21:15:06.040Z,"10 km E of Mohr, Iran",earthquake,8.05,1.272,0.088,36,reviewed,us,us
2025-01-21T20:46:28.327Z,-23.8113,-179.7083,539.47,4.8,mb,45,98,5.659,1.04,us,us6000plhu,2025-01-21T21:10:51.040Z,"south of the Fiji Islands",earthquake,11.16,8.013,0.083,45,reviewed,us,us
2025-01-21T20:38:43.979Z,39.4575,26.2668,10,5,mww,118,22,0.628,0.62,us,us6000plhn,2025-01-23T11:12:34.025Z,"6 km SW of Behram, Turkey",earthquake,5.26,1.844,0.053,34,reviewed,us,us
2025-01-21T20:00:51.746Z,-3.0087,148.5281,10,5.3,mww,84,83,1.506,0.84,us,us6000plhj,2025-01-21T20:17:46.040Z,"176 km SE of Lorengau, Papua New Guinea",earthquake,7.18,1.868,0.065,23,reviewed,us,us
2025-01-21T19:42:06.037Z,23.3161,120.6364,10,4.3,mwr,79,57,0.017,0.78,us,us6000plhh,2025-01-21T20:30:07.040Z,"27 km SE of Pizitou, Taiwan",earthquake,3.2,1.819,0.065,23,reviewed,us,us
2025-01-21T18:48:25.571Z,21.4135,121.0614,38.728,5.1,mww,129,44,1.92,0.69,us,us6000plh9,2025-01-22T03:41:20.228Z,"73 km SSE of Hengchun, Taiwan",earthquake,7.29,6.358,0.065,23,reviewed,us,us
2025-01-21T18:42:13.625Z,-31.4709,-178.0691,30.384,4.8,mb,32,175,2.205,1.28,us,us6000plh8,2025-01-21T19:01:34.040Z,"Kermadec Islands region",earthquake,10.12,7.486,0.104,29,reviewed,us,us
2025-01-21T17:58:06.336Z,52.7472,-166.6853,10,4.4,mb,70,108,0.994,0.97,us,us6000plh3,2025-01-21T18:28:38.040Z,"125 km S of Unalaska, Alaska",earthquake,4.15,1.859,0.084,41,reviewed,us,us
2025-01-21T16:58:16.828Z,-21.358,-68.569,116.638,4.7,mww,100,46,0.763,0.94,us,us6000plfq,2025-01-22T13:44:02.820Z,"35 km WSW of Ollagüe, Chile",earthquake,5.12,5.61,0.103,9,reviewed,us,us
2025-01-21T16:06:15.528Z,-21.9478,-68.605,119.285,4.1,ml,30,45,0.61,0.77,us,us6000plfl,2025-01-21T19:40:37.040Z,"65 km NNE of Calama, Chile",earthquake,5.93,6.617,,,reviewed,us,guc
2025-01-21T15:47:38.210Z,56.2915,-158.1497,95.7,3,ml,,,,0.2,ak,ak025yzhy1p,2025-01-21T19:25:29.040Z,"15 km E of Chignik, Alaska",earthquake,,0.7,,,automatic,ak,ak
2025-01-21T15:35:09.710Z,37.178333282471,-118.264503479,5.75,2.72,md,28,164,0.05428,0.08,nc,nc75120741,2025-01-21T20:17:08.495Z,"3 km ENE of Big Pine, CA",earthquake,0.65,0.600000024,0.22,36,automatic,nc,nc
2025-01-21T15:26:45.233Z,-20.3151,-178.5518,602.031,4.2,mb,116,62,4.296,0.93,us,us6000plfj,2025-01-21T17:21:56.040Z,"Fiji region",earthquake,12.19,6.471,0.061,82,reviewed,us,us
2025-01-21T13:40:18.893Z,23.4022,-108.1791,10,5.3,mww,79,196,7.159,0.92,us,us6000plfb,2025-01-22T14:30:15.040Z,"125 km SSW of Las Arenitas, Mexico",earthquake,10.94,1.972,0.04,59,reviewed,us,us
2025-01-21T13:32:53.619Z,-1.2582,-24.3086,10,4.9,mb,43,93,11.924,0.67,us,us6000plfc,2025-01-21T14:16:08.040Z,"central Mid-Atlantic Ridge",earthquake,10.38,1.874,0.092,37,reviewed,us,us
2025-01-21T13:31:27.193Z,31.6022,132.324,17.508,4.4,mb,50,93,2.494,0.87,us,us6000plfe,2025-01-21T16:51:03.040Z,"90 km E of Nichinan, Japan",earthquake,6.52,3.917,0.087,38,reviewed,us,us
2025-01-21T13:25:30.570Z,36.958831787109,-121.59633636475,3.4500000476837,2.64,md,67,40,0.01198,0.19,nc,nc75120701,2025-01-22T04:24:25.066Z,"6 km SW of Gilroy, CA",earthquake,0.21,0.379999995,0.12,78,automatic,nc,nc
2025-01-21T13:17:17.352Z,-26.0985,-178.2332,280.233,4.4,mb,45,106,3.163,0.75,us,us6000plf9,2025-01-21T15:39:20.040Z,"south of the Fiji Islands",earthquake,11.39,7.895,0.085,47,reviewed,us,us
2025-01-21T12:27:17.857Z,-7.2184,129.3781,159.151,4.3,mb,21,82,2.729,0.68,us,us6000plf5,2025-01-22T10:11:59.040Z,"299 km ENE of Lospalos, Timor Leste",earthquake,9.33,8.884,0.143,14,reviewed,us,us
2025-01-21T11:55:04.853Z,52.6777,-166.6143,17.822,5,mb,111,136,1.074,0.85,us,us6000plew,2025-01-23T12:05:08.288Z,"133 km S of Unalaska, Alaska",earthquake,5.73,4.916,0.043,172,reviewed,us,us
2025-01-21T11:29:29.360Z,40.358001708984,-125.0325012207,6.0799999237061,2.97,md,80,260,0.532,0.23,nc,nc75120631,2025-01-22T09:44:36.040Z,"63 km WNW of Petrolia, CA",earthquake,1.52,2.05999994,0.11,36,automatic,nc,nc
2025-01-21T11:16:02.010Z,0.8502,126.571,48.425,4.9,mb,97,61,0.799,0.64,us,us6000plem,2025-01-21T16:00:09.040Z,"90 km W of Ternate, Indonesia",earthquake,5.76,6.803,0.062,83,reviewed,us,us
2025-01-21T11:15:30.546Z,-3.7368,151.5823,10,5.5,mww,72,84,0.735,0.58,us,us6000plel,2025-01-22T14:37:20.040Z,"82 km NW of Rabaul, Papua New Guinea",earthquake,6.05,1.81,0.066,22,reviewed,us,us
2025-01-21T10:57:25.604Z,-3.6476,151.5443,10,4.8,mb,39,85,0.82,0.65,us,us6000plei,2025-01-21T11:20:35.040Z,"91 km NW of Rabaul, Papua New Guinea",earthquake,6.68,1.916,0.107,28,reviewed,us,us
2025-01-21T10:44:47.050Z,37.691166666667,-111.30166666667,13.59,3.46,ml,27,153,0.5065,0.22,uu,uu80099906,2025-01-22T18:27:48.113Z,"26 km SSE of Boulder Town, Utah",earthquake,0.76,1.11,0.14290658018479,25,reviewed,uu,uu
2025-01-21T09:44:51.637Z,43.3219,138.0924,264.049,4,mb,68,46,3.358,0.66,us,us6000plea,2025-01-21T10:10:52.040Z,"183 km WNW of Suttsu, Japan",earthquake,7.24,7.932,0.077,45,reviewed,us,us
2025-01-21T09:43:54.335Z,-1.7901,126.9148,10,4.2,mb,10,117,2.584,0.66,us,us6000pleh,2025-01-22T09:12:38.040Z,"108 km ENE of Sanana, Indonesia",earthquake,8.17,1.987,0.176,9,reviewed,us,us
2025-01-21T07:55:23.730Z,33.6826667,-116.8023333,16.61,2.71,ml,122,17,0.06479,0.21,ci,ci40844255,2025-01-22T06:21:26.728Z,"10 km SW of Idyllwild, CA",earthquake,0.11,0.29,0.183,195,reviewed,ci,ci
2025-01-21T07:25:46.587Z,-19.3997,169.3777,209.43,4.9,mb,54,113,3.671,0.79,us,us6000pldv,2025-01-21T07:43:33.040Z,"18 km NNE of Isangel, Vanuatu",earthquake,10.17,7.884,0.04,196,reviewed,us,us
2025-01-21T07:04:00.665Z,25.3204,91.2535,10,4.4,mb,43,97,4.367,0.64,us,us6000plds,2025-01-23T19:55:18.908Z,"21 km S of Nongstoin, India",earthquake,9.64,1.875,0.093,33,reviewed,us,us
2025-01-21T06:56:23.572Z,60.5022,-143.0938,6.6,2.7,ml,,,,0.64,ak,ak025yu6xx1,2025-01-22T09:26:46.040Z,"104 km S of McCarthy, Alaska",earthquake,,0.2,,,automatic,ak,ak
2025-01-21T06:29:04.238Z,35.573,-101.001,5.9326,2.6,ml,15,75,0.5,0.3,tx,tx2025blaz,2025-01-21T19:55:38.135Z,"5 km NW of Pampa, Texas",earthquake,2.3214707918833,2.1364149482584,0.1,11,reviewed,tx,tx
2025-01-21T06:05:14.352Z,-27.4829,-13.4632,10,5.5,mb,71,68,13.518,0.73,us,us6000pldh,2025-01-22T06:07:54.400Z,"southern Mid-Atlantic Ridge",earthquake,11.26,1.87,0.064,85,reviewed,us,us
2025-01-21T05:47:51.148Z,13.4344,144.3969,137.242,5.5,mww,100,54,0.484,0.83,us,us6000pldf,2025-01-23T05:57:52.832Z,"29 km WNW of Agat Village, Guam",earthquake,8.76,4.951,0.065,23,reviewed,us,us
2025-01-21T05:36:11.541Z,-27.484,-13.3293,10,5.1,mb,74,68,27.023,0.45,us,us6000plde,2025-01-21T05:52:23.040Z,"southern Mid-Atlantic Ridge",earthquake,11.82,1.883,0.069,67,reviewed,us,us
2025-01-21T05:29:32.506Z,-27.1926,-13.3658,10,4.9,mb,41,67,27.972,0.59,us,us6000pldc,2025-01-21T05:46:06.040Z,"southern Mid-Atlantic Ridge",earthquake,13.5,1.894,0.089,40,reviewed,us,us
2025-01-21T05:13:36.168Z,-27.8015,-13.1545,10,5.2,mww,36,77,27.821,1.08,us,us6000pld9,2025-01-21T05:55:36.040Z,"southern Mid-Atlantic Ridge",earthquake,9.11,1.853,0.11,8,reviewed,us,us
2025-01-21T04:01:34.577Z,-28.2226,-13.5597,10,4.8,mb,23,100,28.209,1.46,us,us6000pld4,2025-01-21T05:40:45.040Z,"southern Mid-Atlantic Ridge",earthquake,11.8,1.885,0.124,20,reviewed,us,us
2025-01-21T03:43:04.168Z,32.406,-102.043,7.9102,2.6,ml,34,81,0.1,0.1,tx,tx2025bkvl,2025-01-21T13:36:35.974Z,"33 km WSW of Ackerly, Texas",earthquake,0.37518142015219,0.91750896560009,0.2,32,reviewed,tx,tx
2025-01-21T02:51:17.470Z,18.1746,-68.4921,73,3.76,md,21,209,0.3569,0.31,pr,pr2025021000,2025-01-21T03:29:11.486Z,"25 km SSE of Boca de Yuma, Dominican Republic",earthquake,2.05,1.61,0.07,12,reviewed,pr,pr
2025-01-21T02:10:42.030Z,18.4423,145.7779,189.666,4.8,mb,50,112,3.184,0.56,us,us6000plcp,2025-01-21T02:22:38.040Z,"Pagan region, Northern Mariana Islands",earthquake,9.46,8.249,0.087,41,reviewed,us,us
2025-01-21T02:09:53.410Z,34.0458333,-117.1296667,8.06,2.89,ml,124,16,0.01767,0.19,ci,ci40844079,2025-01-23T19:43:03.149Z,"3 km S of Mentone, CA",earthquake,0.1,0.36,0.165,223,reviewed,ci,ci
2025-01-21T01:03:24.610Z,47.599333333333,-121.79333333333,17.29,2.78,ml,25,103,0.1121,0.16,uw,uw62071451,2025-01-21T22:15:26.731Z,"8 km ENE of Fall City, Washington",earthquake,0.32,0.46,0.13315610360061,24,reviewed,uw,uw
2025-01-21T00:14:23.782Z,28.3392,87.4183,54.778,4.8,mb,56,74,1.965,0.59,us,us6000plca,2025-01-21T01:46:04.040Z,"73 km NE of Lobuche, Nepal",earthquake,7.71,4.041,0.052,113,reviewed,us,us
2025-01-20T23:25:59.082Z,16.6479,145.5144,10.708,5,mb,49,138,1.424,0.81,us,us6000plc2,2025-01-23T23:36:09.045Z,"160 km N of Saipan, Northern Mariana Islands",earthquake,13.61,5.018,0.094,36,reviewed,us,us
2025-01-20T23:13:40.914Z,28.2217,52.4222,10,4,mb,26,101,4.702,0.5,us,us6000plc0,2025-01-21T01:17:25.040Z,"70 km SSW of Fīrūzābād, Iran",earthquake,10.31,1.856,0.116,20,reviewed,us,us
2025-01-20T21:35:14.670Z,47.600333333333,-121.75383333333,17.08,3.51,ml,144,47,0.1026,0.41,uw,uw62071396,2025-01-23T23:33:36.209Z,"9 km NE of Snoqualmie, Washington",earthquake,0.28,0.49,0.16959070994972,203,reviewed,uw,uw
2025-01-20T21:09:48.857Z,31.665,-104.36,7.3816,2.7,ml,32,69,0.1,0.1,tx,tx2025bkil,2025-01-21T00:47:33.040Z,"56 km S of Whites City, New Mexico",earthquake,0.59050846952715,0.73572919685296,0.2,28,reviewed,tx,tx
2025-01-20T21:03:11.979Z,28.4231,87.5256,10,5,mb,90,73,2.079,0.59,us,us6000plbf,2025-01-23T22:58:49.469Z,"Southern Tibetan Plateau",earthquake,8.92,1.807,0.041,190,reviewed,us,us
2025-01-20T20:29:41.990Z,40.354166666667,-124.911,14.02,3.21,ml,121,241,0.4395,0.22,nc,nc75120321,2025-01-23T16:18:25.040Z,"53 km WNW of Petrolia, CA",earthquake,0.58,0.73,0.22,43,reviewed,nc,nc
2025-01-20T20:05:58.409Z,23.2231,120.4739,10,4.7,mb,38,135,0.163,0.93,us,us6000plb9,2025-01-20T22:08:16.040Z,"10 km N of Yujing, Taiwan",earthquake,6.34,1.887,0.099,31,reviewed,us,us
2025-01-20T19:58:18.349Z,61.6907,-150.2951,35.8,2.6,ml,,,,0.3,ak,ak025xeenbe,2025-01-23T15:53:43.040Z,"15 km WSW of Willow, Alaska",earthquake,,5.9,,,automatic,ak,ak
2025-01-20T19:19:19.855Z,43.8152,148.0132,61.949,4.6,mb,47,171,3.925,0.8,us,us6000plb2,2025-01-20T22:03:52.040Z,"103 km E of Shikotan, Russia",earthquake,10.72,8.776,0.076,51,reviewed,us,us
2025-01-20T18:39:46.318Z,34.0789,78.3422,10,4.3,mb,25,95,5.419,1.01,us,us6000plaw,2025-01-20T21:58:20.040Z,"70 km E of Leh, India",earthquake,8.27,1.904,0.122,19,reviewed,us,us
2025-01-20T18:21:03.020Z,34.0606667,-116.8003333,11.63,2.68,ml,111,18,0.02619,0.18,ci,ci40843951,2025-01-23T15:16:31.040Z,"16 km N of Cabazon, CA",earthquake,0.1,0.33,0.148,177,reviewed,ci,ci
2025-01-20T18:14:38.752Z,38.9604,141.485,88.149,4.5,mb,40,97,1.855,0.93,us,us6000play,2025-01-20T21:50:12.040Z,"23 km WSW of Ōfunato, Japan",earthquake,4.54,7.213,0.082,44,reviewed,us,us
2025-01-20T17:42:30.618Z,23.0733,120.4836,10,4.8,mb,47,83,0.263,0.96,us,us6000pl9y,2025-01-20T18:24:44.040Z,"6 km SSE of Yujing, Taiwan",earthquake,6.22,1.869,0.086,42,reviewed,us,us
2025-01-20T16:47:20.361Z,44.8594,-111.7234,13.826,2.6,ml,42,46,0.117,0.32,us,us6000pl8p,2025-01-22T20:30:30.040Z,"43 km WNW of Hebgen Lake Estates, Montana",earthquake,1.21,4.022,0.039,88,reviewed,us,us
2025-01-20T16:26:24.685Z,23.1189,120.4299,10,5.1,mb,91,103,0.258,0.65,us,us6000pl8l,2025-01-20T21:48:01.246Z,"3 km WSW of Yujing, Taiwan",earthquake,5.57,1.81,0.064,81,reviewed,us,us
2025-01-20T16:17:26.031Z,23.2338,120.4749,10,6,mww,115,25,0.157,1.07,us,us6000pl8h,2025-01-23T12:56:29.441Z,"12 km N of Yujing, Taiwan",earthquake,5.34,1.845,0.044,50,reviewed,us,us
2025-01-20T14:49:38.361Z,-23.7642,-111.9268,10,5.3,mb,55,151,4.063,0.8,us,us6000pl89,2025-01-20T15:07:15.040Z,"Easter Island region",earthquake,13.2,1.807,0.034,292,reviewed,us,us
2025-01-20T13:59:55.766Z,29.5883,104.8953,10,4.4,mb,46,51,4.05,0.47,us,us6000pl82,2025-01-20T17:13:43.040Z,"16 km W of Neijiang, China",earthquake,8.89,1.889,0.095,32,reviewed,us,us
2025-01-20T13:59:41.390Z,19.2286,-64.146,33,3.77,md,14,319,0.9408,0.38,pr,pr2025020001,2025-01-22T20:27:36.040Z,"120 km NE of Cruz Bay, U.S. Virgin Islands",earthquake,5.2,23.09,0.21,8,reviewed,pr,pr
2025-01-20T13:57:33.732Z,63.2526,-151.7854,0,3.4,ml,,,,0.91,ak,ak025xatv5p,2025-01-20T16:18:03.040Z,"32 km S of Denali National Park, Alaska",earthquake,,0.3,,,automatic,ak,ak
2025-01-20T13:55:57.165Z,61.8068,-147.1005,31.3,3.3,ml,,,,0.72,ak,ak025xathi8,2025-01-20T16:04:32.040Z,"15 km SSE of Eureka Roadhouse, Alaska",earthquake,,0.3,,,automatic,ak,ak
2025-01-20T13:44:12.500Z,9.5175,40.0676,10,4.4,mb,27,252,3.386,0.8,us,us6000pl7y,2025-01-20T15:50:00.040Z,"49 km SE of Debre Sīna, Ethiopia",earthquake,15.06,2.005,0.127,18,reviewed,us,us
2025-01-20T12:13:35.343Z,63.1934,-149.9258,88,2.5,ml,,,,0.38,ak,ak025x9z05q,2025-01-20T12:15:34.662Z,"53 km WSW of Cantwell, Alaska",earthquake,,0.7,,,automatic,ak,ak
2025-01-20T11:24:17.070Z,31.956,-103.344,6.6638,2.8,ml,16,74,0,0.1,tx,tx2025bjpe,2025-01-20T16:34:05.611Z,"22 km SW of Jal, New Mexico",earthquake,0.87532793866202,0.67811085813266,0.2,38,reviewed,tx,tx
2025-01-20T11:21:00.617Z,64.8654,-148.7105,19.9,3.1,ml,,,,0.8,ak,ak025x9f7lj,2025-01-21T03:28:05.342Z,"33 km W of Ester, Alaska",earthquake,,0.2,,,reviewed,ak,ak
2025-01-20T11:20:45.683Z,59.9454,-152.8726,123,3,ml,,,,0.32,ak,ak025x9f3e9,2025-01-20T11:22:39.515Z,"61 km WNW of Anchor Point, Alaska",earthquake,,0.4,,,automatic,ak,ak
2025-01-20T11:20:37.163Z,7.4395,91.6679,10,5.3,mww,76,65,5.688,0.76,us,us6000pl7f,2025-01-20T11:48:23.631Z,"Nicobar Islands, India region",earthquake,7.91,1.814,0.093,11,reviewed,us,us
2025-01-20T11:18:08.940Z,47.464333333333,-112.73183333333,25.3,3.34,ml,46,68,0.3221,0.2,mb,mb90071248,2025-01-20T21:07:59.369Z,"25 km W of Augusta, Montana",earthquake,0.28,0.37,0.20480850727959,63,reviewed,mb,mb
2025-01-20T11:02:10.154Z,31.965,-103.343,7.4585,2.6,ml,14,74,0,0.2,tx,tx2025bjok,2025-01-22T15:48:32.406Z,"21 km SW of Jal, New Mexico",earthquake,1.1310989418751,0.77004793854261,0.2,9,reviewed,tx,tx
2025-01-20T10:48:36.020Z,18.185666666667,-67.268166666667,18.4,3.29,md,23,218,0.1214,0.19,pr,pr71471168,2025-01-20T11:17:48.760Z,"13 km W of Mayagüez, Puerto Rico",earthquake,0.7,0.44,0.17906742666409,17,reviewed,pr,pr
2025-01-20T10:43:02.069Z,13.9717,120.6437,136.164,5.4,mww,126,18,8.808,0.86,us,us6000pl78,2025-01-21T17:07:29.040Z,"0 km ENE of Binubusan, Philippines",earthquake,9.24,4.81,0.043,52,reviewed,us,us
2025-01-20T09:59:14.497Z,67.3297,-156.371,3.4,3,ml,,,,0.65,ak,ak025x8giop,2025-01-20T10:04:25.427Z,"52 km NNE of Kobuk, Alaska",earthquake,,0.8,,,automatic,ak,ak
2025-01-20T09:59:10.900Z,19.1133,-67.2548,8,3.65,md,23,292,0.6616,0.39,pr,pr2025020000,2025-01-20T10:59:34.184Z,"70 km NNW of San Antonio, Puerto Rico",earthquake,3.29,4.4,0.12,17,reviewed,pr,pr
2025-01-20T08:49:04.079Z,-11.711,165.2979,35,4.9,mb,37,65,4.15,0.54,us,us6000pl6v,2025-01-20T10:08:35.040Z,"121 km SSW of Lata, Solomon Islands",earthquake,6.88,1.881,0.106,29,reviewed,us,us
2025-01-20T08:48:29.130Z,18.7875,-67.498166666667,16.08,3.3,md,25,215,0.4858,0.42,pr,pr71471153,2025-01-20T09:23:10.070Z,"53 km NW of San Antonio, Puerto Rico",earthquake,1.15,1.61,0.092117717707716,8,reviewed,pr,pr
2025-01-20T08:38:43.517Z,-11.3327,165.8206,35,5.6,mww,55,36,4.305,0.97,us,us6000pl6q,2025-01-22T14:23:53.040Z,"67 km S of Lata, Solomon Islands",earthquake,10.05,1.852,0.062,25,reviewed,us,us
2025-01-20T07:37:17.728Z,-20.573,-69.956,64.62,3.7,mb,13,114,0.308,0.54,us,us6000pl6j,2025-01-20T15:27:29.458Z,"36 km SSE of La Tirana, Chile",earthquake,4.04,5.782,0.292,3,reviewed,us,us
2025-01-20T07:15:36.564Z,-30.1683,-178.1078,58.787,4.4,mb,13,157,0.918,0.92,us,us6000pl6i,2025-01-20T08:40:57.040Z,"Kermadec Islands, New Zealand",earthquake,13.1,12.757,0.162,11,reviewed,us,us
2025-01-20T07:06:48.020Z,34.0588333,-118.9645,11.32,2.54,ml,85,152,0.009967,0.26,ci,ci40843719,2025-01-22T19:55:57.205Z,"15 km WNW of Malibu, CA",earthquake,0.26,0.32,0.122,154,reviewed,ci,ci
2025-01-20T06:25:02.565Z,-2.8011,148.2929,10,4.4,mb,14,159,1.193,0.63,us,us6000pl6f,2025-01-21T08:45:37.040Z,"141 km SE of Lorengau, Papua New Guinea",earthquake,11.14,1.9,0.149,14,reviewed,us,us
2025-01-20T05:57:17.075Z,10.3092,91.7575,10,5,mb,57,154,7.204,0.98,us,us6000pl6c,2025-01-20T06:18:20.040Z,"184 km SW of Port Blair, India",earthquake,10.38,1.898,0.083,46,reviewed,us,us
2025-01-20T03:46:59.251Z,5.851,126.4304,93.888,4.4,mb,31,112,1.477,0.67,us,us6000pl5y,2025-01-20T04:03:26.040Z,"62 km SSE of Pondaguitan, Philippines",earthquake,10.26,7.742,0.104,27,reviewed,us,us
2025-01-20T03:14:30.230Z,18.953166666667,-65.349,16.66,3.25,md,19,239,0.6453,0.23,pr,pr71471143,2025-01-20T03:42:05.520Z,"72 km N of Culebra, Puerto Rico",earthquake,1.24,2.8,0.14881421599341,13,reviewed,pr,pr
2025-01-20T02:56:38.430Z,9.2889,40.2495,10,4.4,mb,27,135,3.389,0.87,us,us6000pl5h,2025-01-20T03:24:48.040Z,"35 km NNE of Āwash, Ethiopia",earthquake,12.73,1.961,0.117,21,reviewed,us,us
2025-01-20T02:44:43.100Z,19.627833333333,-65.419166666667,77.06,3.42,md,5,292,1.32,0.08,pr,pr71471128,2025-01-20T03:11:14.950Z,"140 km NNE of Vieques, Puerto Rico",earthquake,2.72,6.45,0.002558733756441,3,reviewed,pr,pr
2025-01-19T23:51:56.636Z,40.9694,84.0796,10,4.4,mb,25,194,4.149,0.94,us,us6000pl54,2025-01-20T23:12:49.040Z,"127 km SE of Kuqa, China",earthquake,11.1,1.989,0.169,10,reviewed,us,us
2025-01-19T21:51:09.633Z,-28.7296,-68.638,100.302,4.4,mb,29,71,1.778,0.84,us,us6000pl4x,2025-01-20T22:45:17.040Z,"42 km W of Vinchina, Argentina",earthquake,8.4,8.199,0.124,19,reviewed,us,us
2025-01-19T21:33:09.600Z,31.7058333,-115.0688333,4.15,2.96,ml,9,117,0.2335,0.25,ci,ci40843455,2025-01-20T22:18:40.040Z,"55 km S of Estacion Coahuila, B.C., MX",earthquake,0.71,2.66,0.213,66,reviewed,ci,ci
2025-01-19T21:21:43.194Z,-7.4015,129.4326,132.724,4.5,mb,18,134,2.898,0.96,us,us6000pl4s,2025-01-20T22:00:25.040Z,"295 km ENE of Lospalos, Timor Leste",earthquake,8.4,9.83,0.163,11,reviewed,us,us
2025-01-19T21:07:50.372Z,33.1712,102.6718,17.875,4.7,mb,75,50,2.904,0.53,us,us6000pl4q,2025-01-20T05:41:22.040Z,"57 km ESE of Cairima, China",earthquake,8.27,4.778,0.076,53,reviewed,us,us
2025-01-19T20:13:01.942Z,60.3472,-147.7629,12.6,2.5,ml,,,,0.96,ak,ak025vr71xu,2025-01-19T20:15:42.408Z,"34 km NNE of Chenega, Alaska",earthquake,,0.3,,,automatic,ak,ak
2025-01-19T19:25:31.372Z,-31.3017,-68.1343,109.439,4.7,mb,91,49,0.529,1.02,us,us6000pl44,2025-01-19T20:21:08.956Z,"37 km ENE of San Martín, Argentina",earthquake,6.23,4.914,0.04,194,reviewed,us,us
2025-01-19T19:19:45.730Z,39.897834777832,-121.0573348999,-1.2599999904633,2.54,md,29,54,0.3716,0.27,nc,nc75119866,2025-01-20T05:07:05.488Z,"4 km S of Meadow Valley, CA",earthquake,0.42,3.63000011,0.09,21,automatic,nc,nc
2025-01-19T19:06:53.268Z,31.671,-104.295,8.0481,2.5,ml,12,115,0,0.1,tx,tx2025biix,2025-01-23T15:10:01.040Z,"56 km S of Whites City, New Mexico",earthquake,0.85650949959047,1.006599088511,0.1,22,reviewed,tx,tx
2025-01-19T17:56:47.333Z,28.3953,87.602,24.746,4.5,mb,56,106,2.136,0.78,us,us6000pl3u,2025-01-23T04:53:48.282Z,"Southern Tibetan Plateau",earthquake,9.11,5.805,0.072,56,reviewed,us,us
2025-01-19T17:28:42.555Z,37.2422,71.774,152.77,4.2,mb,51,78,2.073,0.84,us,us6000pl3q,2025-01-19T20:49:13.040Z,"33 km SE of Khorugh, Tajikistan",earthquake,7.3,8.453,0.103,26,reviewed,us,us
2025-01-19T12:36:54.160Z,40.278666666667,-124.50183333333,19.99,3.34,ml,62,247,0.1222,0.16,nc,nc75119661,2025-01-20T02:16:13.367Z,"19 km W of Petrolia, CA",earthquake,0.53,0.25,0.241,57,reviewed,nc,nc
2025-01-19T12:05:44.650Z,18.8068,-64.4245,36,3.57,md,20,303,0.4372,0.59,pr,pr2025019000,2025-01-19T13:39:53.040Z,"65 km NE of Cruz Bay, U.S. Virgin Islands",earthquake,6.75,9.88,0.17,17,reviewed,pr,pr
2025-01-19T11:31:43.528Z,-35.8097,179.3005,82.576,4.5,mb,15,262,1.923,0.39,us,us6000pl33,2025-01-19T12:38:49.040Z,"217 km NNE of Hicks Bay, New Zealand",earthquake,13.71,13.81,0.171,10,reviewed,us,us
2025-01-19T11:20:29.059Z,0.0332,126.6776,56.565,4.6,mb,30,74,1.006,0.51,us,us6000pl2z,2025-01-19T13:32:46.040Z,"114 km SW of Ternate, Indonesia",earthquake,6.51,8.406,0.129,19,reviewed,us,us
2025-01-19T11:19:41.034Z,60.3033,-152.2393,83,2.5,ml,,,,0.4,ak,ak025vlvito,2025-01-19T12:46:19.040Z,"42 km NW of Ninilchik, Alaska",earthquake,,0.5,,,automatic,ak,ak
2025-01-19T10:27:23.482Z,-5.5054,147.0737,196.531,4.9,mb,36,55,3.451,0.63,us,us6000pl2t,2025-01-19T10:43:44.040Z,"134 km N of Lae, Papua New Guinea",earthquake,8.56,8.395,0.114,24,reviewed,us,us
2025-01-19T09:58:44.832Z,-4.972,144.4619,122.88,4.5,mb,74,64,4.107,0.94,us,us6000pl2r,2025-01-19T12:00:30.040Z,"100 km NE of Wabag, Papua New Guinea",earthquake,7.13,8.035,0.068,63,reviewed,us,us
2025-01-19T09:18:21.930Z,41.563333333333,-109.86716666667,-2.27,3.01,ml,21,157,0.113,0.21,uu,uu80099811,2025-01-21T14:26:47.295Z,"2 km NNW of Little America, Wyoming",earthquake,0.45,0.98,0.25056813638041,18,reviewed,uu,uu
2025-01-19T06:39:15.373Z,-32.2877,-73.1756,10,4.2,mb,32,103,1.483,1.05,us,us6000pl23,2025-01-19T08:42:45.040Z,"167 km WNW of Valparaíso, Chile",earthquake,6.65,1.958,0.14,14,reviewed,us,us
2025-01-19T06:28:33.559Z,7.5324,-74.7993,74.575,4.5,mb,42,101,1.517,0.73,us,us6000pl25,2025-01-19T08:03:40.040Z,"7 km S of El Bagre, Colombia",earthquake,4.16,7.967,0.086,40,reviewed,us,us
2025-01-19T06:02:21.980Z,18.052833333333,-66.5475,18.83,2.63,md,14,84,0.03724,0.14,pr,pr71471093,2025-01-19T06:28:22.680Z,"0 km NE of Coto Laurel, Puerto Rico",earthquake,0.37,0.28,0.072636335330032,6,reviewed,pr,pr
2025-01-19T05:57:21.514Z,12.781,-88.7206,57.82,4.4,mb,39,166,0.786,0.95,us,us6000pl1r,2025-01-19T07:35:46.040Z,"58 km SSW of Puerto El Triunfo, El Salvador",earthquake,4.01,8.597,0.048,125,reviewed,us,us
2025-01-19T05:02:47.270Z,18.443666666667,-66.035,126.11,3.26,md,18,178,0.3352,0.19,pr,pr71471083,2025-01-19T05:26:45.290Z,"7 km ESE of San Juan, Puerto Rico",earthquake,1.85,0.74,0.093582028724905,8,reviewed,pr,pr
2025-01-19T04:17:01.654Z,31.664,-104.29,7.1509,2.5,ml,13,67,0.1,0.2,tx,tx2025bhfk,2025-01-20T10:05:49.932Z,"57 km S of Whites City, New Mexico",earthquake,1.4431646105506,2.3182495066923,0.1,17,reviewed,tx,tx
2025-01-19T04:15:06.717Z,58.076,-156.6777,183.7,2.6,ml,,,,0.86,ak,ak025vhokqm,2025-01-19T04:31:04.040Z,"43 km ESE of Egegik, Alaska",earthquake,,1.5,,,automatic,ak,ak
2025-01-19T03:05:31.820Z,17.851333333333,-66.8905,7.79,2.52,md,13,253,0.1214,0.15,pr,pr71471068,2025-01-19T03:20:17.590Z,"13 km S of Guánica, Puerto Rico",earthquake,0.69,0.26,0.041092292610155,5,reviewed,pr,pr
2025-01-19T02:44:12.690Z,41.925166666667,-119.61633333333,-1.4,2.66,ml,11,211,0.3233,0.3,uw,uw62071186,2025-01-22T20:03:35.610Z,"44 km E of Fort Bidwell, California",earthquake,1.42,2.67,0.13851910809035,5,reviewed,uw,uw
2025-01-19T02:31:59.750Z,46.651333333333,-121.927,7.98,2.45,ml,77,60,0.09069,0.11,uw,uw62071181,2025-01-20T00:50:01.880Z,"14 km SSE of Ashford, Washington",earthquake,0.14,0.2,0.19992936319044,88,reviewed,uw,uw
2025-01-19T02:23:42.021Z,39.1382,-119.0992,6.1,2.6,ml,20,46.79,0.056,0.1788,nn,nn00892215,2025-01-19T03:19:45.040Z,"17 km NNE of Yerington, Nevada",earthquake,,1,0.21,13,reviewed,nn,nn
2025-01-19T02:20:26.759Z,30.0847,50.6287,10,4.7,mb,53,154,6.387,0.64,us,us6000pl0x,2025-01-19T20:55:45.152Z,"34 km SSW of Dogonbadan, Iran",earthquake,13.06,1.962,0.083,44,reviewed,us,us
2025-01-19T01:16:14.813Z,39.1375,-119.099,6.2,2.5,ml,25,46.46,0.056,0.1445,nn,nn00892213,2025-01-19T03:15:49.040Z,"17 km NNE of Yerington, Nevada",earthquake,,0.8,0.19,13,reviewed,nn,nn
2025-01-19T00:59:18.308Z,-33.9542,-179.3243,39.499,4.9,mb,19,112,4.083,0.49,us,us6000pl0k,2025-01-19T01:36:20.040Z,"south of the Kermadec Islands",earthquake,11.86,8.036,0.145,15,reviewed,us,us
2025-01-19T00:58:12.828Z,69.5107,-144.1462,5,3.2,ml,23,85,0.192,0.87,us,us6000pl0i,2025-01-19T22:07:43.040Z,"72 km SSW of Kaktovik, Alaska",earthquake,3.18,1.994,0.049,54,reviewed,us,us
2025-01-19T00:51:57.510Z,19.138833333333,-66.006666666667,23.71,3.15,md,13,260,0.8828,0.33,pr,pr71471058,2025-01-19T01:11:17.910Z,"75 km N of San Juan, Puerto Rico",earthquake,1.51,25.83,0.021992988934525,7,reviewed,pr,pr
2025-01-18T23:15:38.268Z,-58.5842,158.4779,10,5,mb,30,122,4.104,0.82,us,us6000pl09,2025-01-18T23:57:45.040Z,"Macquarie Island region",earthquake,13.62,1.882,0.118,23,reviewed,us,us
2025-01-18T23:11:53.655Z,51.9046,-169.5826,10,4.7,ml,33,187,0.888,1.3,us,us6000pl08,2025-01-19T04:22:56.833Z,"125 km SSW of Nikolski, Alaska",earthquake,6.32,1.955,0.081,20,reviewed,us,us
2025-01-18T22:46:29.170Z,34.3613333,-116.6766667,4.01,2.55,ml,80,31,0.05317,0.13,ci,ci40842895,2025-01-22T17:24:04.422Z,"19 km NE of Big Bear City, CA",earthquake,0.09,0.31,0.14,179,reviewed,ci,ci
2025-01-18T22:08:19.973Z,-4.207,142.7625,124.192,4.2,mb,23,93,2.656,0.96,us,us6000pkzy,2025-01-19T22:27:08.040Z,"6 km W of Ambunti, Papua New Guinea",earthquake,11.36,8.869,0.131,19,reviewed,us,us
2025-01-18T20:14:26.540Z,41.880833333333,-119.60733333333,-1.44,2.92,ml,8,221,0.362,0.3,uw,uw62071116,2025-01-22T18:46:36.350Z,"45 km E of Fort Bidwell, California",earthquake,1.96,3.71,0.12382795451361,3,reviewed,uw,uw
2025-01-18T20:12:00.186Z,32.6678,-93.967,5,3.5,mb_lg,36,62,0.436,0.53,us,us6000pkzk,2025-01-22T23:26:05.853Z,"2 km SSW of Mooringsport, Louisiana",earthquake,4.29,2,0.041,158,reviewed,us,us
2025-01-18T20:01:47.597Z,24.4515,95.0812,126.375,4.5,mb,58,53,3.234,0.68,us,us6000pkzi,2025-01-19T15:06:26.040Z,"104 km E of Wāngjing, India",earthquake,9.24,7.587,0.084,42,reviewed,us,us
2025-01-18T19:58:09.408Z,60.2515,-150.8013,51.3,2.6,ml,,,,0.61,ak,ak025u3bxm8,2025-01-18T19:59:59.500Z,"27 km ESE of Kasilof, Alaska",earthquake,,1,,,automatic,ak,ak
2025-01-18T19:44:17.981Z,24.9402,123.4562,10,5,mww,69,62,0.621,0.72,us,us6000pkzg,2025-01-18T20:13:58.040Z,"69 km NE of Yonakuni, Japan",earthquake,6.29,1.88,0.056,31,reviewed,us,us
2025-01-18T19:31:48.900Z,47.881,-124.20616666667,27.26,2.45,ml,35,75,0.133,0.19,uw,uw62071111,2025-01-21T17:44:23.910Z,"15 km ESE of Forks, Washington",earthquake,0.3,0.52,0.22857552900909,22,reviewed,uw,uw
2025-01-18T19:31:29.157Z,24.8753,123.4066,10,5,mww,65,42,0.543,1.32,us,us6000pkzc,2025-01-18T20:02:23.040Z,"61 km NE of Yonakuni, Japan",earthquake,6.15,1.875,0.054,33,reviewed,us,us
2025-01-18T18:55:03.783Z,24.9996,123.5159,10,4.7,mww,155,62,0.701,0.62,us,us6000pkza,2025-01-18T23:20:05.040Z,"78 km NE of Yonakuni, Japan",earthquake,5.27,1.612,0.063,24,reviewed,us,us
2025-01-18T18:38:53.621Z,-4.2116,142.9161,111.363,4.7,mb,118,50,2.779,0.54,us,us6000pkz1,2025-01-18T22:17:19.040Z,"10 km E of Ambunti, Papua New Guinea",earthquake,7.47,6.783,0.054,109,reviewed,us,us
2025-01-18T18:27:09.830Z,24.998,123.5449,10,4.5,mb,53,68,0.717,0.76,us,us6000pkz0,2025-01-18T21:51:44.040Z,"80 km NE of Yonakuni, Japan",earthquake,3.81,1.89,0.088,38,reviewed,us,us
2025-01-18T17:23:37.290Z,36.124000549316,-120.69466400147,6.6900000572205,2.57,md,48,59,0.09693,0.14,nc,nc75119236,2025-01-19T03:31:08.040Z,"22 km ENE of San Ardo, CA",earthquake,0.24,0.720000029,0.12,59,automatic,nc,nc
2025-01-18T16:53:59.982Z,25.0558,123.4087,10,4.9,mww,138,61,1.736,0.71,us,us6000pkyr,2025-01-21T19:44:34.040Z,"77 km NNE of Yonakuni, Japan",earthquake,7.17,1.857,0.055,32,reviewed,us,us
2025-01-18T16:26:30.405Z,28.5413,87.5623,10,4.6,mb,74,98,2.147,0.58,us,us6000pkyi,2025-01-23T04:52:38.705Z,"Southern Tibetan Plateau",earthquake,6.91,1.838,0.054,107,reviewed,us,us
2025-01-18T16:09:04.742Z,24.9338,123.4799,10,4.8,mww,158,63,0.631,0.7,us,us6000pkyg,2025-01-18T23:17:12.040Z,"70 km NE of Yonakuni, Japan",earthquake,5.64,1.838,0.055,32,reviewed,us,us
2025-01-18T16:07:35.000Z,17.925333333333,-66.841,9.9,3.1,md,29,186,0.05354,0.11,pr,pr71471038,2025-01-18T17:33:31.040Z,"7 km SE of Maria Antonia, Puerto Rico",earthquake,0.32,0.3,0.18892277180636,21,reviewed,pr,pr
2025-01-18T15:55:24.301Z,-31.2521,-68.8654,122.269,4.2,mb,30,123,0.331,1.01,us,us6000pkya,2025-01-18T16:50:54.040Z,"35 km NNW of Villa Basilio Nievas, Argentina",earthquake,6.43,5.766,0.236,5,reviewed,us,us
2025-01-18T15:36:54.445Z,28.4625,87.6102,10,4.8,mb,132,39,2.162,0.51,us,us6000pky9,2025-01-23T04:51:31.007Z,"Southern Tibetan Plateau",earthquake,2.46,1.821,0.045,157,reviewed,us,us
2025-01-18T15:25:28.947Z,40.3784,-127.0718,16.828,2.9,ml,36,260,2.254,0.67,us,us6000pky8,2025-01-18T16:29:45.040Z,"239 km W of Ferndale, California",earthquake,9.29,9.414,0.036,104,reviewed,us,us
2025-01-18T14:05:56.810Z,19.1298,-65.5735,88,3.49,md,14,250,0.8722,0.46,pr,pr2025018000,2025-01-18T14:51:39.708Z,"82 km NNE of Vieques, Puerto Rico",earthquake,5.02,6.93,0.03,9,reviewed,pr,pr
2025-01-18T13:19:20.152Z,-8.1387,119.9713,175.485,4.5,mb,24,71,1.554,0.64,us,us6000pkxx,2025-01-18T14:24:38.040Z,"40 km NNE of Labuan Bajo, Indonesia",earthquake,8.11,8.863,0.157,12,reviewed,us,us
2025-01-18T13:02:16.425Z,25.0103,123.5577,10,4.6,mb,39,101,0.734,0.65,us,us6000pkxv,2025-01-18T14:21:11.040Z,"82 km NE of Yonakuni, Japan",earthquake,2.73,1.901,0.114,23,reviewed,us,us
2025-01-18T10:46:47.119Z,31.624,-104.505,7.7405,2.6,ml,16,109,0,0.2,tx,tx2025bfwx,2025-01-20T09:30:25.680Z,"62 km S of Whites City, New Mexico",earthquake,1.5610651349392,0.92259419615956,0.1,24,reviewed,tx,tx
2025-01-18T10:20:06.193Z,38.4888,-118.4801,7.4,3.7,mw,18,48.3,0.143,0.1294,nn,nn00892165,2025-01-20T22:50:51.069Z,"13 km ESE of Hawthorne, Nevada",earthquake,,2.1,,,reviewed,nn,nn
2025-01-18T08:53:31.681Z,56.2951,-149.3189,10,3.4,ml,43,247,2.325,0.78,us,us6000pkyj,2025-01-19T06:20:07.040Z,"232 km SE of Chiniak, Alaska",earthquake,9.69,2.02,0.062,34,reviewed,us,us
2025-01-18T08:37:46.039Z,0.0901,126.7101,55.615,5.1,mb,48,71,0.943,0.83,us,us6000pkwy,2025-01-18T08:56:27.040Z,"107 km SW of Ternate, Indonesia",earthquake,3.08,7.717,0.081,49,reviewed,us,us
2025-01-18T07:50:41.620Z,40.308666229248,-124.51616668701,10.550000190735,2.5,md,19,271,0.1343,0.11,nc,nc75118981,2025-01-18T08:12:18.620Z,"20 km W of Petrolia, CA",earthquake,1.85,0.660000026,0.07,19,automatic,nc,nc
2025-01-18T06:20:41.320Z,18.8055,-155.0825,26.04,2.71,ml,56,275,0.4799,0.13,hv,hv74594247,2025-01-21T21:56:19.690Z,"59 km ESE of Naalehu, Hawaii",earthquake,0.63,2.84,0.21211073826912,21,reviewed,hv,hv
2025-01-18T06:04:38.910Z,-20.7501,-178.6016,602.25,4.7,mb,64,37,4.35,1.01,us,us6000pkwe,2025-01-18T06:23:01.040Z,"Fiji region",earthquake,11.52,6.987,0.034,262,reviewed,us,us
2025-01-18T05:04:22.466Z,3.8238,93.7469,10,4.9,mb,45,158,3.482,0.59,us,us6000pkw9,2025-01-18T05:19:25.040Z,"258 km SW of Banda Aceh, Indonesia",earthquake,4.97,1.916,0.104,29,reviewed,us,us
2025-01-18T04:54:35.400Z,35.9566667,-117.3941667,4.07,3.16,ml,33,38,0.1113,0.16,ci,ci40842287,2025-01-19T18:41:13.220Z,"21 km N of Searles Valley, CA",earthquake,0.16,0.67,0.148,123,reviewed,ci,ci
2025-01-18T04:41:51.836Z,-34.5369,-177.7881,10,5,mb,24,169,4.373,0.53,us,us6000pkw2,2025-01-18T04:57:03.040Z,"south of the Kermadec Islands",earthquake,12.39,1.998,0.129,20,reviewed,us,us
2025-01-18T03:16:16.718Z,-5.0999,153.3667,44.006,4.6,mb,23,170,1.501,1.21,us,us6000pkvv,2025-01-18T03:37:10.040Z,"147 km SE of Kokopo, Papua New Guinea",earthquake,10.79,11.691,0.128,18,reviewed,us,us
2025-01-18T02:19:01.314Z,-16.3613,-69.0448,233.097,4.6,mb,44,100,0.881,0.65,us,us6000pkvp,2025-01-18T02:44:38.040Z,"12 km SSE of Yunguyo, Peru",earthquake,9.02,5.968,0.093,34,reviewed,us,us
2025-01-18T01:16:24.180Z,19.234333333333,-66.465,44.58,3.41,md,25,212,0.7557,0.26,pr,pr71470993,2025-01-18T01:42:59.950Z,"85 km N of Tierras Nuevas Poniente, Puerto Rico",earthquake,1.17,4.98,0.056940057023685,10,reviewed,pr,pr
2025-01-18T00:38:51.860Z,40.38399887085,-124.85182952881,18.530000686646,2.97,md,25,275,0.4008,0.18,nc,nc75118826,2025-01-18T01:17:18.841Z,"48 km WNW of Petrolia, CA",earthquake,2.64,1.46000004,0.1,16,automatic,nc,nc
2025-01-18T00:33:52.390Z,-10.4343,161.5376,79.931,4.7,mb,29,77,1.853,0.64,us,us6000pkv1,2025-01-18T02:39:29.040Z,"41 km W of Kirakira, Solomon Islands",earthquake,11.44,7.966,0.08,48,reviewed,us,us
2025-01-18T00:00:15.290Z,40.239665985107,-124.44999694824,18.709999084473,2.94,md,14,284,0.09554,0.15,nc,nc75118801,2025-01-18T00:23:41.342Z,"17 km WSW of Petrolia, CA",earthquake,1.67,0.610000014,0.06,13,automatic,nc,nc
2025-01-17T23:36:52.252Z,31.592,-104.542,9.3042,3.4,ml,17,73,0.1,0.2,tx,tx2025bfau,2025-01-18T23:41:38.916Z,"66 km SSW of Whites City, New Mexico",earthquake,1.7486494917777,1.8961271657168,0.2,12,reviewed,tx,tx
2025-01-17T21:10:46.640Z,19.137833333333,-155.35816666667,28.62,2.46,ml,41,187,0.09981,0.11,hv,hv74593987,2025-01-18T00:59:38.040Z,"14 km ESE of Pāhala, Hawaii",earthquake,0.45,0.65,0.17039400704559,21,reviewed,hv,hv
2025-01-17T20:39:42.246Z,-17.4243,-69.8572,147.802,4.4,mb,26,158,0.396,0.92,us,us6000pkte,2025-01-17T23:04:45.040Z,"19 km ENE of Tarata, Peru",earthquake,5.63,4.354,0.126,20,reviewed,us,us
2025-01-17T20:03:16.722Z,60.164,-152.9343,129.4,2.5,ml,,,,0.46,ak,ak025sg28wp,2025-01-17T22:19:22.040Z,"71 km WNW of Happy Valley, Alaska",earthquake,,0.5,,,automatic,ak,ak
2025-01-17T19:19:32.446Z,-49.8962,118.119,10,4.8,mww,134,46,16.887,0.41,us,us6000pkt6,2025-01-21T19:49:43.040Z,"western Indian-Antarctic Ridge",earthquake,9.96,1.75,0.103,9,reviewed,us,us
2025-01-17T18:53:55.372Z,-8.57,149.0001,10.169,4.6,mb,36,145,1.998,0.79,us,us6000pkt1,2025-01-17T19:49:15.040Z,"87 km ENE of Popondetta, Papua New Guinea",earthquake,10.14,4.356,0.096,36,reviewed,us,us
2025-01-17T18:21:56.964Z,-6.983,154.9752,10,5,mww,91,48,3.94,0.74,us,us6000pksw,2025-01-17T18:54:14.040Z,"92 km SW of Panguna, Papua New Guinea",earthquake,8.48,1.777,0.098,10,reviewed,us,us
2025-01-17T18:20:32.350Z,19.2515,-155.0455,40.55,2.53,ml,50,226,0.08604,0.11,hv,hv74593927,2025-01-17T21:35:14.040Z,"25 km SSE of Fern Forest, Hawaii",earthquake,0.92,0.4,0.26445968565298,29,reviewed,hv,hv
2025-01-17T18:15:18.990Z,-6.8201,154.8011,10,4.7,mb,83,43,3.703,0.7,us,us6000pkst,2025-01-17T20:22:31.040Z,"93 km SW of Panguna, Papua New Guinea",earthquake,8.57,1.866,0.065,77,reviewed,us,us
2025-01-17T17:34:33.554Z,-14.8263,167.4993,138.621,4.8,mb,39,121,0.68,0.64,us,us6000pkq9,2025-01-17T18:29:41.040Z,"51 km ENE of Port-Olry, Vanuatu",earthquake,12.35,5.952,0.095,36,reviewed,us,us
2025-01-17T17:18:39.379Z,9.2414,39.8888,10,4.5,mb,92,92,3.693,0.67,us,us6000pkpl,2025-01-17T18:05:01.040Z,"37 km N of Metahāra, Ethiopia",earthquake,10.82,1.885,0.059,84,reviewed,us,us
2025-01-17T16:56:01.332Z,-35.1469,-72.2716,35,4.3,mwr,38,139,0.929,0.7,us,us6000pkpb,2025-01-17T17:10:57.040Z,"24 km NNE of Constitución, Chile",earthquake,5.38,1.938,0.04,60,reviewed,us,us
2025-01-17T16:13:53.349Z,65.8248,-152.3776,8.2,3,ml,,,,0.56,ak,ak025sdqqhy,2025-01-17T17:14:03.959Z,"74 km N of Tanana, Alaska",earthquake,,0.3,,,automatic,ak,ak
2025-01-17T13:27:02.820Z,31.4703333,-115.5981667,5.57,3.26,ml,14,134,0.4666,0.17,ci,ci40841807,2025-01-17T22:08:14.388Z,"93 km SSW of Alberto Oviedo Mota, B.C., MX",earthquake,0.27,31.61,0.196,191,reviewed,ci,ci
2025-01-17T12:37:56.304Z,55.1221,-156.6316,20,4,ml,,,,0.49,ak,ak025sbi5dp,2025-01-17T17:45:37.079Z,"171 km SE of Chignik, Alaska",earthquake,,3,,,reviewed,ak,ak
2025-01-17T12:35:46.466Z,33.0768,141.7682,30.698,4.7,mb,52,123,1.641,0.91,us,us6000pkm8,2025-01-17T14:55:23.040Z,"265 km SSE of Katsuura, Japan",earthquake,7.36,5.556,0.088,39,reviewed,us,us
2025-01-17T11:55:43.606Z,-15.6203,-178.4208,427.241,4.2,mb,65,96,2.288,0.76,us,us6000pkmj,2025-01-21T11:38:24.040Z,"148 km SSW of Alo, Wallis and Futuna",earthquake,11.41,5.207,0.071,56,reviewed,us,us
2025-01-17T11:53:05.610Z,19.8235,-156.19816666667,4.47,2.61,ml,32,247,0.2403,0.32,hv,hv74593782,2025-01-21T10:31:21.040Z,"25 km WNW of Kalaoa, Hawaii",earthquake,0.91,0.98,0.13905911300455,11,reviewed,hv,hv
2025-01-17T11:32:58.600Z,35.839500427246,-119.96067047119,11.979999542236,2.79,md,52,43,0.1559,0.29,nc,nc75118456,2025-01-20T17:45:34.040Z,"19 km S of Kettleman City, CA",earthquake,0.44,1.13,0.12,63,automatic,nc,nc
2025-01-17T11:32:56.464Z,31.8147,132.1862,37.837,4.5,mb,44,94,1.509,0.52,us,us6000pkm3,2025-01-21T09:57:06.040Z,"73 km E of Miyazaki, Japan",earthquake,6.66,7.205,0.093,34,reviewed,us,us
2025-01-17T10:19:30.844Z,63.0375,-150.9182,128.7,3.3,ml,,,,0.44,ak,ak025sa7ddf,2025-01-17T12:51:28.040Z,"60 km N of Petersville, Alaska",earthquake,,0.5,,,automatic,ak,ak
2025-01-17T08:55:51.812Z,8.4245,125.9949,10,5,mb,44,113,1.408,1.05,us,us6000pkld,2025-01-17T14:42:48.792Z,"1 km ENE of Lapinigan, Philippines",earthquake,10.16,1.845,0.081,49,reviewed,us,us
2025-01-17T08:52:07.900Z,19.244,-66.4396,15,3.53,md,22,213,0.7721,0.24,pr,pr2025017000,2025-01-17T18:21:47.207Z,"86 km N of Brenas, Puerto Rico",earthquake,1.43,3.44,0.07,15,reviewed,pr,pr
2025-01-17T08:52:00.095Z,-39.0304,46.348,10,4.9,mb,20,83,8.432,0.63,us,us6000pkle,2025-01-17T09:24:51.040Z,"Southwest Indian Ridge",earthquake,12.49,1.874,0.141,16,reviewed,us,us
2025-01-17T08:16:10.140Z,37.362333333333,-121.71566666667,9.71,2.76,md,133,30,0.0618,0.12,nc,nc75118356,2025-01-23T08:59:31.804Z,"10 km ESE of Alum Rock, CA",earthquake,0.1,0.27,0.151,134,reviewed,nc,nc
2025-01-17T07:43:54.397Z,-10.433,161.4368,82.806,4.9,mb,58,67,1.769,0.77,us,us6000pkl5,2025-01-17T08:14:06.040Z,"53 km W of Kirakira, Solomon Islands",earthquake,10.4,6.492,0.048,135,reviewed,us,us
2025-01-17T07:28:48.610Z,58.1127,-150.954,34.8,2.6,ml,,,,0.33,ak,ak025s8h1fh,2025-01-17T08:39:15.040Z,"93 km ENE of Kodiak, Alaska",earthquake,,4.2,,,automatic,ak,ak
2025-01-17T07:09:31.005Z,26.7519,128.9437,10,4.6,mb,36,104,0.606,0.7,us,us6000pkl2,2025-01-17T07:57:14.040Z,"74 km SSE of China, Japan",earthquake,4.26,1.794,0.109,25,reviewed,us,us
2025-01-17T05:20:42.956Z,60.1372,-152.6613,107.7,2.6,ml,,,,0.48,ak,ak025s78g2d,2025-01-17T07:42:00.040Z,"55 km WNW of Happy Valley, Alaska",earthquake,,0.5,,,automatic,ak,ak
2025-01-17T05:02:56.906Z,29.4797,130.5151,35.333,4.6,mb,46,122,2.024,0.66,us,us6000pkke,2025-01-17T08:30:29.040Z,"83 km S of Koshima, Japan",earthquake,7.87,8.179,0.095,33,reviewed,us,us
2025-01-17T04:24:02.694Z,-10.762,164.2692,10,4.9,mb,38,145,4.454,1.02,us,us6000pkkb,2025-01-17T05:24:49.040Z,"167 km W of Lata, Solomon Islands",earthquake,4.59,1.904,0.081,48,reviewed,us,us
2025-01-17T04:07:30.060Z,40.292667388916,-124.46150207519,19.5,2.78,md,24,258,0.09106,0.08,nc,nc75118281,2025-01-17T04:32:15.491Z,"15 km W of Petrolia, CA",earthquake,1.23,0.319999993,0.09,25,automatic,nc,nc
2025-01-17T01:46:17.623Z,9.403,40.0704,10,4.7,mb,39,138,6.641,0.63,us,us6000pkjx,2025-01-17T09:44:38.530Z,"47 km NNW of Āwash, Ethiopia",earthquake,13.93,1.956,0.093,35,reviewed,us,us
2025-01-17T01:37:15.374Z,44.3409,-115.1838,13.335,3.2,ml,29,28,0.337,0.43,us,us6000pkjs,2025-01-21T14:41:09.040Z,"23 km NW of Stanley, Idaho",earthquake,1.95,7.276,0.037,96,reviewed,us,us
2025-01-17T01:35:57.330Z,6.9819,-35.738,10,4.9,mb,32,126,12.725,1.31,us,us6000pkjv,2025-01-17T02:46:40.603Z,"central Mid-Atlantic Ridge",earthquake,13.7,1.648,0.081,48,reviewed,us,us
2025-01-17T01:10:20.894Z,-24.9547,-14.0354,10,5,mb,27,89,11.846,1.46,us,us6000pkla,2025-01-18T00:52:35.040Z,"southern Mid-Atlantic Ridge",earthquake,10.4,1.839,0.11,26,reviewed,us,us
2025-01-17T01:09:30.276Z,61.8346,-150.0312,43.1,3.2,ml,,,,0.6,ak,ak025s4sbq1,2025-01-18T01:13:03.523Z,"9 km N of Willow, Alaska",earthquake,,0.4,,,reviewed,ak,ak
2025-01-16T23:50:50.240Z,19.174,-155.496,32.74,2.86,ml,62,91,0.03699,0.12,hv,hv74593562,2025-01-17T01:17:05.040Z,"3 km SSW of Pāhala, Hawaii",earthquake,0.38,0.46,0.20153475560186,42,reviewed,hv,hv
